{
  "categories": {
    "Needs": [
      "I need help",
      "I'm thirsty",
      "I'm hungry",
      "I need the bathroom",
      "Please wait"
    ],
    "Feelings": [
      "I'm happy",
      "I'm sad",
      "I'm excited",
      "I'm tired",
      "I'm frustrated"
    ],
    "Daily": [
      "Good morning",
      "Thank you",
      "Yes",
      "No",
      "Please",
      "Can we go?"
    ],
    "People": [
      "Mom",
      "Dad",
      "Teacher",
      "Friend",
      "Nurse"
    ]
  },
  "history": []
}